SunControl.elevation,acc_non_rob,acc_l2_3_0,acc_linf_4,acc_linf_8
0.0,0.3333333333333333,0.26666666666666666,0.2,0.2
0.785,0.4666666666666667,0.0,0.0,0.0
1.57,0.6666666666666666,0.0,0.0,0.0
2.355,0.26666666666666666,0.0,0.0,0.0
3.14,0.3333333333333333,0.0,0.0,0.0
