OrbitingCameraControl.theta,acc_non_rob,acc_l2_3_0,acc_linf_4,acc_linf_8
-3.14,0.9,0.1,0.0,0.0
-2.512,0.5,0.0,0.0,0.0
-1.8840000000000001,0.5,0.0,0.0,0.0
-1.2560000000000002,0.8,0.0,0.0,0.0
-0.6280000000000001,0.7,0.0,0.1,0.2
0.0,0.3,0.0,0.0,0.0
0.6279999999999997,0.2,0.0,0.0,0.1
1.2559999999999998,0.5,0.0,0.0,0.0
1.884,0.5,0.0,0.0,0.0
2.512,0.8,0.0,0.0,0.0
