,non_rob,l2_3_0,linf_4,linf_8
011_banana.blend,0.37333333333333335,0.22666666666666666,0.10666666666666667,0.25333333333333335
017_orange.blend,0.04,0.13333333333333333,0.08,0.02666666666666667
025_mug.blend,0.6266666666666667,0.12,0.41333333333333333,0.25333333333333335
035_power_drill.blend,0.4533333333333333,0.4266666666666667,0.49333333333333335,0.37333333333333335
cup.blend,0.28,0.05333333333333334,0.04,0.05333333333333334
