,non_rob,l2_3_0,linf_4,linf_8
025_mug.blend,0.6266666666666667,0.12,0.41333333333333333,0.25333333333333335
cup.blend,0.28,0.05333333333333334,0.04,0.05333333333333334
