HazeControl.haze_fac,acc_non_rob,acc_l2_3_0,acc_linf_4,acc_linf_8
0.0,0.4666666666666667,0.06666666666666667,0.06666666666666667,0.2
0.075,0.26666666666666666,0.13333333333333333,0.13333333333333333,0.06666666666666667
0.15,0.13333333333333333,0.06666666666666667,0.0,0.0
0.22499999999999998,0.3333333333333333,0.0,0.0,0.0
0.3,0.2,0.0,0.0,0.0
