SunControl.elevation,acc_non_rob,acc_l2_3_0,acc_linf_4,acc_linf_8
0.0,0.26666666666666666,0.26666666666666666,0.2,0.26666666666666666
0.785,0.26666666666666666,0.0,0.0,0.0
1.57,0.4,0.0,0.0,0.0
2.355,0.06666666666666667,0.0,0.0,0.0
3.14,0.4,0.0,0.0,0.0
