HazeControl.haze_fac,acc_non_rob,acc_l2_3_0,acc_linf_4,acc_linf_8
0.0,0.6,0.06666666666666667,0.8,0.3333333333333333
0.075,0.7333333333333333,0.26666666666666666,0.8,0.3333333333333333
0.15,0.7333333333333333,0.26666666666666666,0.4666666666666667,0.5333333333333333
0.22499999999999998,0.6,0.0,0.0,0.06666666666666667
0.3,0.4666666666666667,0.0,0.0,0.0
