SunControl.elevation,acc_non_rob,acc_l2_3_0,acc_linf_4,acc_linf_8
0.0,0.5333333333333333,0.13333333333333333,0.2,0.2
0.785,0.7333333333333333,0.0,0.5333333333333333,0.2
1.57,0.7333333333333333,0.0,0.4666666666666667,0.26666666666666666
2.355,0.6666666666666666,0.06666666666666667,0.5333333333333333,0.6
3.14,0.4666666666666667,0.4,0.3333333333333333,0.0
