OrbitingCameraControl.theta,rob_acc,non_rob_acc
-3.14,0.0,0.0
-2.4422222222222225,0.0,0.0
-1.7444444444444447,0.1,0.3
-1.0466666666666669,0.1,0.5
-0.34888888888888925,0.0,0.0
0.34888888888888925,0.0,0.0
1.0466666666666664,0.0,0.5
1.744444444444444,0.0,0.1
2.4422222222222216,0.0,0.0
3.14,0.0,0.0
