OrbitingCameraControl.phi,rob_acc,non_rob_acc
0.0,0.0,0.0
0.17444444444444443,0.0,0.0
0.34888888888888886,0.0,0.0
0.5233333333333333,0.0,0.0
0.6977777777777777,0.0,0.2
0.8722222222222223,0.0,0.2
1.0466666666666666,0.1,0.1
1.221111111111111,0.0,0.2
1.3955555555555554,0.0,0.3
1.57,0.1,0.4
