OrbitingCameraControl.theta,acc_non_rob,acc_l2_3_0,acc_linf_4,acc_linf_8
-3.14,0.8,0.1,False,0.0
-2.4422222222222225,0.8,0.0,False,0.0
-1.7444444444444447,0.8,0.0,False,0.0
-1.0466666666666669,0.3,0.0,False,0.0
-0.34888888888888925,0.7,0.0,False,0.0
0.34888888888888925,0.4,0.0,False,0.2
1.0466666666666664,0.5,0.0,False,0.0
1.744444444444444,0.5,0.0,False,0.0
2.4422222222222216,0.4,0.0,False,0.0
3.14,0.8,0.1,False,0.0
