OrbitingCameraControl.theta,acc_non_rob,acc_l2_3_0,acc_linf_4,acc_linf_8
-3.14,0.0,0.0,0.0,0.1
-2.4422222222222225,0.0,0.0,0.0,0.1
-1.7444444444444447,0.3,0.1,0.6,0.7
-1.0466666666666669,0.5,0.1,0.6,0.7
-0.34888888888888925,0.0,0.0,0.0,0.0
0.34888888888888925,0.0,0.0,0.0,0.0
1.0466666666666664,0.5,0.0,0.7,0.7
1.744444444444444,0.1,0.0,0.5,0.5
2.4422222222222216,0.0,0.0,0.0,0.1
3.14,0.0,0.0,0.0,0.1
