OrbitingCameraControl.phi,acc_non_rob,acc_l2_3_0,acc_linf_4,acc_linf_8
0.0,0.0,0.0,0.0,0.0
0.17444444444444443,0.0,0.0,0.0,0.0
0.34888888888888886,0.0,0.0,0.1,0.1
0.5233333333333333,0.0,0.0,0.0,0.5
0.6977777777777777,0.2,0.0,0.3,0.3
0.8722222222222223,0.2,0.0,0.4,0.4
1.0466666666666666,0.1,0.1,0.4,0.6
1.221111111111111,0.2,0.0,0.4,0.3
1.3955555555555554,0.3,0.0,0.4,0.4
1.57,0.4,0.1,0.4,0.4
