,non_rob,l2_3_0,linf_4,linf_8
tugboat_1.blend,0.30666666666666664,0.02666666666666667,0.13333333333333333,0.05333333333333334
